{"cameraMode":{"drawMode":0,"name":"Shaded","section":"Shading Mode"},"sceneLighting":false,"audioPlay":false,"sceneViewState":{"m_AlwaysRefresh":false,"showFog":false,"showSkybox":false,"showFlares":false,"showImageEffects":false,"showParticleSystems":false,"showVisualEffectGraphs":true,"m_FxEnabled":true},"in2DMode":false,"pivot":{"x":0.002196013927459717,"y":0.8894742727279663,"z":-0.00757250189781189},"rotation":{"x":-0.0545804537832737,"y":0.9450153112411499,"z":0.21330945193767548,"w":0.2418062686920166},"size":1.3154492378234864,"orthographic":true}