{"cameraMode":{"drawMode":0,"name":"Shaded","section":"Shading Mode"},"sceneLighting":false,"audioPlay":false,"sceneViewState":{"m_AlwaysRefresh":false,"showFog":false,"showSkybox":false,"showFlares":false,"showImageEffects":false,"showParticleSystems":false,"showVisualEffectGraphs":true,"m_FxEnabled":true},"in2DMode":false,"pivot":{"x":0.15922905504703523,"y":0.6009690761566162,"z":-0.5659224987030029},"rotation":{"x":0.017460007220506669,"y":0.9732410311698914,"z":-0.21508215367794038,"w":0.07900544255971909},"size":0.834715723991394,"orthographic":false}