{"cameraMode":{"drawMode":0,"name":"Shaded","section":"Shading Mode"},"sceneLighting":true,"audioPlay":false,"sceneViewState":{"m_AlwaysRefresh":false,"showFog":true,"showSkybox":true,"showFlares":true,"showImageEffects":true,"showParticleSystems":true,"showVisualEffectGraphs":true,"m_FxEnabled":true},"in2DMode":false,"pivot":{"x":0.5665644407272339,"y":3.0496110916137697,"z":3.3968257904052736},"rotation":{"x":-0.0016055383021011949,"y":0.9982044696807861,"z":-0.05095260962843895,"w":-0.031453847885131839},"size":17.73316764831543,"orthographic":false}